Sun,9:00:00,10:20:00,406,cse
Sun,9:00:00,10:20:00,509,cse
Sun,9:00:00,10:20:00,307,cse
Sun,9:00:00,10:20:00,504,cse
Sun,9:00:00,10:20:00,405,cse
Sun,9:00:00,10:20:00,409,cse
Sun,9:00:00,10:20:00,206,cse
Sun,9:00:00,10:20:00,403,cse
Sun,9:00:00,10:20:00,106,cse
Sun,9:00:00,10:20:00,309,cse
Mon,9:00:00,10:20:00,206,cse
Mon,9:00:00,10:20:00,309,cse
Mon,9:00:00,10:20:00,106,cse
Mon,9:00:00,10:20:00,509,cse
Mon,9:00:00,10:20:00,506,cse
Mon,9:00:00,10:20:00,307,cse
Mon,9:00:00,10:20:00,401,cse
Mon,9:00:00,10:20:00,409,cse
Tue,9:00:00,10:20:00,406,cse
Tue,9:00:00,10:20:00,309,cse
Tue,9:00:00,10:20:00,509,cse
Tue,9:00:00,10:20:00,401,cse
Tue,9:00:00,10:20:00,506,cse
Tue,9:00:00,10:20:00,206,cse
Tue,9:00:00,10:20:00,507,cse
Tue,9:00:00,10:20:00,106,cse
Wed,9:00:00,10:20:00,406,cse
Wed,9:00:00,10:20:00,309,cse
Wed,9:00:00,10:20:00,206,cse
Wed,9:00:00,10:20:00,106,cse
Wed,9:00:00,10:20:00,307,cse
Wed,9:00:00,10:20:00,301,cse
Thu,9:00:00,10:20:00,409,cse
Thu,9:00:00,10:20:00,406,cse
Thu,9:00:00,10:20:00,307,cse
Thu,9:00:00,10:20:00,405,cse
Thu,9:00:00,10:20:00,407,cse
Thu,9:00:00,10:20:00,301,cse
Thu,9:00:00,10:20:00,107,cse
Thu,9:00:00,10:20:00,309,cse
Thu,9:00:00,10:20:00,509,cse
Thu,9:00:00,10:20:00,506,cse
Thu,9:00:00,10:20:00,206,cse
Sun,10:30:00,11:50:00,406,cse
Sun,10:30:00,11:50:00,307,cse
Sun,10:30:00,11:50:00,206,cse
Sun,10:30:00,11:50:00,507,cse
Sun,10:30:00,11:50:00,509,cse
Sun,10:30:00,11:50:00,506,cse
Sun,10:30:00,11:50:00,106,cse
Sun,10:30:00,11:50:00,309,cse
Mon,10:30:00,11:50:00,206,cse
Mon,10:30:00,11:50:00,307,cse
Mon,10:30:00,11:50:00,309,cse
Mon,10:30:00,11:50:00,106,cse
Mon,10:30:00,11:50:00,509,cse
Mon,10:30:00,11:50:00,506,cse
Tue,10:30:00,11:50:00,406,cse
Tue,10:30:00,11:50:00,309,cse
Tue,10:30:00,11:50:00,206,cse
Tue,10:30:00,11:50:00,307,cse
Tue,10:30:00,11:50:00,106,cse
Tue,10:30:00,11:50:00,506,cse
Tue,10:30:00,11:50:00,401,cse
Tue,10:30:00,11:50:00,509,cse
Wed,10:30:00,11:50:00,406,cse
Wed,10:30:00,11:50:00,309,cse
Wed,10:30:00,11:50:00,206,cse
Wed,10:30:00,11:50:00,106,cse
Wed,10:30:00,11:50:00,307,cse
Wed,10:30:00,11:50:00,301,cse
Wed,10:30:00,11:50:00,509,cse
Thu,10:30:00,11:50:00,206,cse
Thu,10:30:00,11:50:00,509,cse
Thu,10:30:00,11:50:00,406,cse
Thu,10:30:00,11:50:00,307,cse
Thu,10:30:00,11:50:00,405,cse
Thu,10:30:00,11:50:00,301,cse
Thu,10:30:00,11:50:00,309,cse
Thu,10:30:00,11:50:00,107,cse
Sun,12:00:00,1:20:00,406,cse
Sun,12:00:00,1:20:00,509,cse
Sun,12:00:00,1:20:00,307,cse
Sun,12:00:00,1:20:00,309,cse
Sun,12:00:00,1:20:00,206,cse
Sun,12:00:00,1:20:00,405,cse
Mon,12:00:00,1:20:00,406,cse
Mon,12:00:00,1:20:00,206,cse
Mon,12:00:00,1:20:00,507,cse
Mon,12:00:00,1:20:00,204,cse
Mon,12:00:00,1:20:00,307,cse
Mon,12:00:00,1:20:00,309,cse
Mon,12:00:00,1:20:00,506,cse
Mon,12:00:00,1:20:00,509,cse
Mon,12:00:00,1:20:00,405,cse
Tue,12:00:00,1:20:00,405,cse
Tue,12:00:00,1:20:00,406,cse
Tue,12:00:00,1:20:00,309,cse
Tue,12:00:00,1:20:00,307,cse
Tue,12:00:00,1:20:00,408,cse
Tue,12:00:00,1:20:00,206,cse
Tue,12:00:00,1:20:00,509,cse
Tue,12:00:00,1:20:00,206,cse
Wed,12:00:00,1:20:00,307,cse
Wed,12:00:00,1:20:00,408,cse
Wed,12:00:00,1:20:00,406,cse
Wed,12:00:00,1:20:00,309,cse
Wed,12:00:00,1:20:00,509,cse
Wed,12:00:00,1:20:00,506,cse
Wed,12:00:00,1:20:00,301,cse
Wed,12:00:00,1:20:00,206,cse
Thu,12:00:00,1:20:00,206,cse
Thu,12:00:00,1:20:00,409,cse
Thu,12:00:00,1:20:00,309,cse
Thu,12:00:00,1:20:00,307,cse
Thu,12:00:00,1:20:00,509,cse
Thu,12:00:00,1:20:00,506,cse
Thu,12:00:00,1:20:00,406,cse
Sun,1:30:00,2:50:00,307,cse
Sun,1:30:00,2:50:00,206,cse
Sun,1:30:00,2:50:00,509,cse
Sun,1:30:00,2:50:00,106,cse
Sun,1:30:00,2:50:00,309,cse
Sun,1:30:00,2:50:00,506,cse
Sun,1:30:00,2:50:00,501,cse
Sun,1:30:00,2:50:00,403,cse
Sun,1:30:00,2:50:00,506,cse
Mon,1:30:00,2:50:00,301,cse
Mon,1:30:00,2:50:00,309,cse
Mon,1:30:00,2:50:00,509,cse
Mon,1:30:00,2:50:00,307,cse
Mon,1:30:00,2:50:00,206,cse
Mon,1:30:00,2:50:00,106,cse
Tue,1:30:00,2:50:00,206,cse
Tue,1:30:00,2:50:00,501,cse
Tue,1:30:00,2:50:00,307,cse
Tue,1:30:00,2:50:00,406,cse
Tue,1:30:00,2:50:00,507,cse
Tue,1:30:00,2:50:00,509,cse
Tue,1:30:00,2:50:00,309,cse
Tue,1:30:00,2:50:00,106,cse
Tue,1:30:00,2:50:00,301,cse
Wed,1:30:00,2:50:00,307,cse
Wed,1:30:00,2:50:00,406,cse
Wed,1:30:00,2:50:00,106,cse
Wed,1:30:00,2:50:00,408,cse
Wed,1:30:00,2:50:00,309,cse
Wed,1:30:00,2:50:00,206,cse
Wed,1:30:00,2:50:00,301,cse
Wed,1:30:00,2:50:00,509,cse
Thu,1:30:00,2:50:00,309,cse
Thu,1:30:00,2:50:00,307,cse
Thu,1:30:00,2:50:00,206,cse
Thu,1:30:00,2:50:00,409,cse
Thu,1:30:00,2:50:00,406,cse
Thu,1:30:00,2:50:00,509,cse
Thu,1:30:00,2:50:00,106,cse
Thu,1:30:00,2:50:00,506,cse
Thu,1:30:00,2:50:00,507,cse
Sun,3:00:00,4:20:00,307,cse
Sun,3:00:00,4:20:00,509,cse
Sun,3:00:00,4:20:00,206,cse
Sun,3:00:00,4:20:00,406,cse
Sun,3:00:00,4:20:00,106,cse
Sun,3:00:00,4:20:00,309,cse
Sun,3:00:00,4:20:00,403,cse
Sun,3:00:00,4:20:00,205,cse
Mon,3:00:00,4:20:00,301,cse
Mon,3:00:00,4:20:00,309,cse
Mon,3:00:00,4:20:00,506,cse
Mon,3:00:00,4:20:00,307,cse
Mon,3:00:00,4:20:00,406,cse
Mon,3:00:00,4:20:00,204,cse
Mon,3:00:00,4:20:00,106,cse
Mon,3:00:00,4:20:00,206,cse
Mon,3:00:00,4:20:00,509,cse
Tue,3:00:00,4:20:00,206,cse
Tue,3:00:00,4:20:00,307,cse
Tue,3:00:00,4:20:00,501,cse
Tue,3:00:00,4:20:00,406,cse
Tue,3:00:00,4:20:00,506,cse
Tue,3:00:00,4:20:00,309,cse
Tue,3:00:00,4:20:00,106,cse
Tue,3:00:00,4:20:00,301,cse
Tue,3:00:00,4:20:00,509,cse
Tue,3:00:00,4:20:00,507,cse
Wed,3:00:00,4:20:00,408,cse
Wed,3:00:00,4:20:00,307,cse
Wed,3:00:00,4:20:00,409,cse
Wed,3:00:00,4:20:00,106,cse
Wed,3:00:00,4:20:00,309,cse
Wed,3:00:00,4:20:00,206,cse
Wed,3:00:00,4:20:00,301,cse
Wed,3:00:00,4:20:00,509,cse
Thu,3:00:00,4:20:00,309,cse
Thu,3:00:00,4:20:00,307,cse
Thu,3:00:00,4:20:00,506,cse
Thu,3:00:00,4:20:00,408,cse
Thu,3:00:00,4:20:00,106,cse
Thu,3:00:00,4:20:00,206,cse
Thu,3:00:00,4:20:00,509,cse